nom_fichier,station,id,longitude,latitude,altitude,departement
ABBEVILLE,ABBEVILLE,80001005.0,1.835,50.106667,68.0,80.0
ACHERES,ACHERES,78005002.0,2.126,48.983167,31.0,78.0
AGENLA_GARENNE,AGENLA_GARENNE,47091001.0,0.594667,44.172167,58.0,47.0
AICIRITS,AICIRITS,64010001.0,-1.01,43.335,60.0,64.0
AIGUESMORTES,AIGUESMORTES,30003001.0,4.207,43.537167,1.0,30.0
AILLEVILLE_SAPC,AILLEVILLE_SAPC,10002001.0,4.685667,48.254167,195.0,10.0
AIXLES_MILLES,AIXLES_MILLES,13001006.0,5.365667,43.504667,106.0,13.0
AIX_EN_PROVENCE,AIX_EN_PROVENCE,13001009.0,5.4245,43.5295,173.0,13.0
ALAIGNE,ALAIGNE,11004001.0,2.098333,43.1125,293.0,11.0
ALBERTVILLE_JO,ALBERTVILLE_JO,73011004.0,6.371833,45.662333,332.0,73.0
ALBI,ALBI,81004006.0,2.141667,43.928333,170.0,81.0
ALBON,ALBON,26002003.0,4.822333,45.252333,153.0,26.0
ALENCON,ALENCON,61001001.0,0.110167,48.4455,143.0,61.0
ALLOS_SAPC,ALLOS_SAPC,4006005.0,6.625333,44.2425,1400.0,4.0
ALTIER,ALTIER,48004001.0,3.852,44.494,900.0,48.0
ALZON,ALZON,30009001.0,3.444,43.979,611.0,30.0
AMBERT,AMBERT,63003004.0,3.742667,45.516833,555.0,63.0
AMBOISE_LYCEE,AMBOISE_LYCEE,37003004.0,0.977,47.394167,116.0,37.0
AMIENSGLISY,AMIENSGLISY,80379002.0,2.3825,49.872,60.0,80.0
ANGRIE,ANGRIE,49008001.0,-0.970333,47.561667,65.0,49.0
ANLEZY,ANLEZY,58006001.0,3.507833,46.9575,220.0,58.0
ANNONAY,ANNONAY,7010001.0,4.6705,45.246167,336.0,7.0
APT,APT,84003003.0,5.381833,43.892,222.0,84.0
ARBRISSEL,ARBRISSEL,35005001.0,-1.297333,47.927333,75.0,35.0
ARCHAMPS,ARCHAMPS,74016001.0,6.140167,46.131833,560.0,74.0
ARGENTAN,ARGENTAN,61006005.0,0.0115,48.718167,170.0,61.0
ARGENTAT,ARGENTAT,19010001.0,1.9375,45.101333,190.0,19.0
ARLES,ARLES,13004003.0,4.693833,43.51,1.0,13.0
ARVIEUX,ARVIEUX,5007003.0,6.728,44.796,1825.0,5.0
ARZAL,ARZAL,56004001.0,-2.382667,47.512667,26.0,56.0
AUBAGNE,AUBAGNE,13005001.0,5.578333,43.29,131.0,13.0
AUBIGNYSURNERE,AUBIGNYSURNERE,18015003.0,2.427333,47.4995,176.0,18.0
AUBREVILLE_SAPC,AUBREVILLE_SAPC,55014001.0,5.0935,49.133833,202.0,55.0
AUBUSSON_SAPC,AUBUSSON_SAPC,23008004.0,2.187833,45.957833,486.0,23.0
AUCH,AUCH,32013005.0,0.601167,43.689,122.0,32.0
AULNOISSSLAON,AULNOISSSLAON,2037002.0,3.610333,49.595667,78.0,2.0
AURAY,AURAY,56007001.0,-2.971,47.659167,26.0,56.0
AURILLAC,AURILLAC,15014004.0,2.419167,44.8915,632.0,15.0
AUTUN,AUTUN,71014003.0,4.301667,46.951667,360.0,71.0
AUXERRE,AUXERRE,89346001.0,3.5455,47.8015,207.0,89.0
AUZANCES_SAPC,AUZANCES_SAPC,23013001.0,2.489333,46.0215,564.0,23.0
AUZEVILLETOLOSANEINRAE,AUZEVILLETOLOSANEINRAE,31035001.0,1.503667,43.528833,150.0,31.0
AVIZECIVC,AVIZECIVC,51029004.0,4.01,48.978,175.0,51.0
AVORD,AVORD,18092001.0,2.642167,47.052167,175.0,18.0
BAIGNES_BEL_AIR,BAIGNES_BEL_AIR,16025003.0,-0.2695,45.378333,70.0,16.0
BALEMULHOUSE,BALEMULHOUSE,68297001.0,7.51,47.614333,263.0,68.0
BANDESAPT,BANDESAPT,88033002.0,6.991833,48.345833,590.0,88.0
BARCELONNETTE,BARCELONNETTE,4019005.0,6.65,44.388333,1135.0,4.0
BASSURELS,BASSURELS,48020003.0,3.630667,44.1965,1042.0,48.0
BASTIA,BASTIA,20148001.0,9.485167,42.540667,10.0,20.0
BEAUCOUZE,BEAUCOUZE,49020001.0,-0.614333,47.479,50.0,49.0
BEAUFORTSGERV,BEAUFORTSGERV,26035001.0,5.139,44.778,379.0,26.0
BEAUMONT_DU_LAC,BEAUMONT_DU_LAC,87009003.0,1.863167,45.8015,670.0,87.0
BEAUMONT_SAPC,BEAUMONT_SAPC,37023002.0,1.211667,47.177167,126.0,37.0
BEAUVAISTILLE,BEAUVAISTILLE,60639001.0,2.127167,49.4465,89.0,60.0
BEDARIEUX,BEDARIEUX,34028001.0,3.156667,43.615,224.0,34.0
BEHONNE_SAPC,BEHONNE_SAPC,55041001.0,5.1885,48.795667,301.0,55.0
BELEP_AEROD,BELEP_AEROD,98801001.0,163.661,-19.719833,88.0,988.0
BELFORT,BELFORT,90010001.0,6.876,47.629333,422.0,90.0
BELLEGARDE,BELLEGARDE,23020001.0,2.3,45.978333,588.0,23.0
BELLEGARDEEND,BELLEGARDEEND,26047001.0,5.454333,44.535167,1017.0,26.0
BELLEVILLE_PARC,BELLEVILLE_PARC,75120006.0,2.384667,48.871333,80.0,75.0
BELLE_ILELE_TALUT,BELLE_ILELE_TALUT,56009001.0,-3.218333,47.294333,34.0,56.0
BENASSAY_SAPC,BENASSAY_SAPC,86021002.0,0.054833,46.568333,150.0,86.0
BENEVENT_SAPC,BENEVENT_SAPC,23021001.0,1.6285,46.121,460.0,23.0
BERGERAC,BERGERAC,24037002.0,0.483333,44.851667,51.0,24.0
BERGHEIMINRAE,BERGHEIMINRAE,68028001.0,7.345833,48.216333,309.0,68.0
BESANCON,BESANCON,25056001.0,5.988833,47.249,307.0,25.0
BESIGNAN,BESIGNAN,26050001.0,5.317,44.3205,556.0,26.0
BESSEY,BESSEY,21065001.0,4.743167,47.086,593.0,21.0
BEZIERSVIAS,BEZIERSVIAS,34209002.0,3.352667,43.322,15.0,34.0
BIARRITZPAYSBASQUE,BIARRITZPAYSBASQUE,64024001.0,-1.534333,43.469333,71.0,64.0
BISCARROSSE,BISCARROSSE,40046001.0,-1.2475,44.431667,35.0,40.0
BLACE,BLACE,69023002.0,4.642,46.0345,340.0,69.0
BLANCARCI,BLANCARCI,36018004.0,1.088333,46.625,108.0,36.0
BLOIS,BLOIS,41281001.0,1.212333,47.6785,119.0,41.0
BOCOGNANO,BOCOGNANO,20040004.0,9.103333,42.104167,1019.0,20.0
BOEN_SUR_LIGNON,BOEN_SUR_LIGNON,42019004.0,4.007333,45.756333,448.0,42.0
BOIGNEVILLE,BOIGNEVILLE,91069001.0,2.381167,48.3255,115.0,91.0
BONNAT,BONNAT,23025001.0,1.916333,46.315333,382.0,23.0
BONZEE_SAPC,BONZEE_SAPC,55060002.0,5.601167,49.092833,235.0,55.0
BOULLEVILLE,BOULLEVILLE,27100001.0,0.392833,49.361,122.0,27.0
BOURBON_SAPC,BOURBON_SAPC,3036002.0,3.0495,46.58,270.0,3.0
BOURDEAUX,BOURDEAUX,26056001.0,5.142833,44.580167,432.0,26.0
BOURGARGENTAL,BOURGARGENTAL,42023004.0,4.5735,45.298667,514.0,42.0
BOURGES,BOURGES,18033001.0,2.359833,47.059167,161.0,18.0
BOURGOIN,BOURGOIN,38053001.0,5.265,45.605,254.0,38.0
BOURG_ST_MAURICE,BOURG_ST_MAURICE,73054001.0,6.763333,45.612667,865.0,73.0
BOUSSAC_SAPC,BOUSSAC_SAPC,23031002.0,2.228333,46.343333,380.0,23.0
BOUZYCIVC,BOUZYCIVC,51079001.0,4.149167,49.091667,153.0,51.0
BRAINE,BRAINE,2110002.0,3.527,49.351333,61.0,2.0
BRANCEILLES,BRANCEILLES,19029001.0,1.704833,45.011167,190.0,19.0
BRANNE_SAPC,BRANNE_SAPC,25087002.0,6.472167,47.378,287.0,25.0
BREIL_SUR_ROYA,BREIL_SUR_ROYA,6023004.0,7.513667,43.940167,305.0,6.0
BRESTGUIPAVAS,BRESTGUIPAVAS,29075001.0,-4.391167,48.453833,92.0,29.0
BRIGNOGAN,BRIGNOGAN,29021001.0,-4.331,48.6765,9.0,29.0
BROUZET_LES_ALES,BROUZET_LES_ALES,30055001.0,4.284833,44.131167,603.0,30.0
BRUSQUE_SAPC,BRUSQUE_SAPC,12039001.0,2.938667,43.7495,858.0,12.0
BUIS_BARONNIES,BUIS_BARONNIES,26063002.0,5.270667,44.277833,390.0,26.0
BURE_LES_TEMPLIERS_SAPC,BURE_LES_TEMPLIERS_SAPC,21116002.0,4.948167,47.7195,461.0,21.0
CADENET,CADENET,84026003.0,5.353,43.718833,152.0,84.0
CAENCARPIQUET,CAENCARPIQUET,14137001.0,-0.456167,49.18,67.0,14.0
CAMBREMER,CAMBREMER,14126001.0,0.041833,49.1455,125.0,14.0
CAPDELAHEVE,CAPDELAHEVE,76552001.0,0.071167,49.509,100.0,76.0
CAP_PERTUSATO,CAP_PERTUSATO,20041001.0,9.178333,41.374833,107.0,20.0
CARCASSONNE,CARCASSONNE,11069001.0,2.2955,43.215333,128.0,11.0
CARDET,CARDET,30068001.0,4.079667,44.021,109.0,30.0
CARPENTRAS,CARPENTRAS,84031001.0,5.058333,44.083667,98.0,84.0
CARROS_SAPC,CARROS_SAPC,6033002.0,7.209167,43.786667,78.0,6.0
CASTANET_LE_HAUT_SAPC,CASTANET_LE_HAUT_SAPC,34055003.0,2.976167,43.6675,424.0,34.0
CASTELNAUDARY,CASTELNAUDARY,11076003.0,1.953333,43.316667,160.0,11.0
CASTELNAU_MAGNOAC,CASTELNAU_MAGNOAC,65129003.0,0.5175,43.277833,298.0,65.0
CAULNESEDF,CAULNESEDF,22032002.0,-2.142167,48.298333,75.0,22.0
CAUNESMINERVOIS,CAUNESMINERVOIS,11081001.0,2.525167,43.345333,302.0,11.0
CAUSSENS,CAUSSENS,32095001.0,0.448,43.938667,184.0,32.0
CAUSSOLS,CAUSSOLS,6037002.0,6.923167,43.752333,1268.0,6.0
CAVAILLON,CAVAILLON,84035003.0,5.032333,43.8565,70.0,84.0
CAYENNEMATOURY,CAYENNEMATOURY,97307001.0,-52.365333,4.822333,4.0,973.0
CELLESSURDURO,CELLESSURDURO,63066001.0,3.638333,45.886667,670.0,63.0
CELLIEU,CELLIEU,42032001.0,4.538667,45.533833,493.0,42.0
CESSY,CESSY,1071001.0,6.080333,46.310333,507.0,1.0
CHALET_REYNARD,CHALET_REYNARD,84017006.0,5.319667,44.151167,1455.0,84.0
CHALMAZEL,CHALMAZEL,42039002.0,3.853167,45.705,855.0,42.0
CHALONCHAMPFO,CHALONCHAMPFO,71081001.0,4.825667,46.827,187.0,71.0
CHALUS_SAPC,CHALUS_SAPC,87032004.0,0.979,45.646167,403.0,87.0
CHAMBERYAIX,CHAMBERYAIX,73329001.0,5.878,45.641333,235.0,73.0
CHAMONIX,CHAMONIX,74056001.0,6.8775,45.9295,1042.0,74.0
CHAMPENOUXARBOINRAE,CHAMPENOUXARBOINRAE,54113002.0,6.340167,48.750667,255.0,54.0
CHANNAY_LATHAN,CHANNAY_LATHAN,37055002.0,0.255333,47.4795,87.0,37.0
CHAPELLEDANG_SAPC,CHAPELLEDANG_SAPC,18047001.0,2.426667,47.373833,190.0,18.0
CHAPELLEENVERCORS_SAPC,CHAPELLEENVERCORS_SAPC,26074001.0,5.422167,44.9615,879.0,26.0
CHAPET,CHAPET,78140001.0,1.924667,48.964333,42.0,78.0
CHARTRES,CHARTRES,28070001.0,1.501167,48.4605,155.0,28.0
CHASSIRON,CHASSIRON,17323001.0,-1.411667,46.046833,11.0,17.0
CHATEAUDOLONNE,CHATEAUDOLONNE,85060002.0,-1.725833,46.477167,27.0,85.0
CHATEAUDUN,CHATEAUDUN,28198001.0,1.376333,48.061333,126.0,28.0
CHATEAUROUX_DEOLS,CHATEAUROUX_DEOLS,36063001.0,1.741,46.869833,158.0,36.0
CHATEAU_CHINON,CHATEAU_CHINON,58062001.0,3.934333,47.070333,598.0,58.0
CHATEAU_DOLERON,CHATEAU_DOLERON,17093002.0,-1.204333,45.862167,3.0,17.0
CHATILLONCIVC,CHATILLONCIVC,51136003.0,3.7595,49.098667,153.0,51.0
CHATILLON_SEINE,CHATILLON_SEINE,21154001.0,4.581333,47.849333,262.0,21.0
CHAUMONT,CHAUMONT,52121007.0,5.153333,48.105,317.0,52.0
CHEILLE,CHEILLE,37067003.0,0.403833,47.260833,60.0,37.0
CHERONNAC_SAPC,CHERONNAC_SAPC,87044001.0,0.76,45.753833,295.0,87.0
CHESSYLESPRES_SAPC,CHESSYLESPRES_SAPC,10099002.0,3.915,48.0255,119.0,10.0
CHEVRU,CHEVRU,77113002.0,3.203333,48.726833,158.0,77.0
CHINON_VITI,CHINON_VITI,37072002.0,0.233833,47.184333,76.0,37.0
CHIROUBLES,CHIROUBLES,69058002.0,4.667167,46.182667,415.0,69.0
CHOLET,CHOLET,49099004.0,-0.891667,46.996667,130.0,49.0
CHOUE,CHOUE,41053001.0,0.912833,47.969167,163.0,41.0
CHOUILLY,CHOUILLY,51153001.0,3.981667,49.017833,172.0,51.0
CIRFONTAINES_SAPC,CIRFONTAINES_SAPC,52131002.0,5.394667,48.456167,379.0,52.0
CIVRAY,CIVRAY,86078002.0,0.298667,46.160333,143.0,86.0
CLAMECY,CLAMECY,58079004.0,3.509,47.441,215.0,58.0
CLERMONTFD,CLERMONTFD,63113001.0,3.149333,45.786833,331.0,63.0
CLUSAZ_LA,CLUSAZ_LA,74080001.0,6.428333,45.898333,1150.0,74.0
COGNAC,COGNAC,16089001.0,-0.315833,45.665,30.0,16.0
COGOLIN_SAPC,COGOLIN_SAPC,83042001.0,6.510333,43.261667,31.0,83.0
COLMAR_HOUSS,COLMAR_HOUSS,68066004.0,7.3605,48.1095,192.0,68.0
COLOGNAC,COLOGNAC,30087002.0,3.825,44.021833,589.0,30.0
COLOMBELAFOSSECIVC,COLOMBELAFOSSECIVC,10102001.0,4.779667,48.261667,252.0,10.0
COLOMBIER_VIEUX_SA,COLOMBIER_VIEUX_SA,7069001.0,4.698,45.063667,408.0,7.0
COL_DE_LA_LOGE_SAPC,COL_DE_LA_LOGE_SAPC,42040001.0,3.780333,45.743833,1261.0,42.0
COL_REPUBLIQUE,COL_REPUBLIQUE,42224003.0,4.470833,45.352667,1071.0,42.0
COMBLOUX,COMBLOUX,74083001.0,6.643333,45.898333,940.0,74.0
COMMERVEIL_SAPC,COMMERVEIL_SAPC,72086001.0,0.353667,48.315333,105.0,72.0
CONCA,CONCA,20092001.0,9.3485,41.717,253.0,20.0
CONQUEYRAC,CONQUEYRAC,30093003.0,3.9,43.9405,135.0,30.0
CONTAMINESUR_ARVE,CONTAMINESUR_ARVE,74087001.0,6.34,46.128667,452.0,74.0
COUARDE_SUR_MER,COUARDE_SUR_MER,17121001.0,-1.417667,46.1945,3.0,17.0
COULANS,COULANS,25223002.0,6.0205,47.023333,468.0,25.0
COURDIMANCHE,COURDIMANCHE,95183001.0,2.001667,49.033333,54.0,95.0
COURNIOU,COURNIOU,34086001.0,2.695333,43.495,501.0,34.0
CRUX_LA_VILLE,CRUX_LA_VILLE,58092001.0,3.515,47.132833,283.0,58.0
CUDOT_SAPC,CUDOT_SAPC,89133001.0,3.1775,47.983833,170.0,89.0
DAMBLAINVILLE,DAMBLAINVILLE,14216001.0,-0.148667,48.928,155.0,14.0
DAUPHIN,DAUPHIN,4068001.0,5.767167,43.909833,427.0,4.0
DAX,DAX,40088002.0,-1.055,43.706667,15.0,40.0
DEAUX,DEAUX,30101001.0,4.143667,44.071833,185.0,30.0
DECIZE,DECIZE,58095001.0,3.455,46.818667,192.0,58.0
DIE,DIE,26113003.0,5.3435,44.767667,384.0,26.0
DIGNE_LES_BAINS,DIGNE_LES_BAINS,4070009.0,6.186667,44.07,554.0,4.0
DIJONLONGVIC,DIJONLONGVIC,21473001.0,5.088333,47.267833,219.0,21.0
DINARD,DINARD,35228001.0,-2.076333,48.584833,65.0,35.0
DIVAJEU,DIVAJEU,26115001.0,4.990333,44.726833,175.0,26.0
DONCOURTLESCONFLANS,DONCOURTLESCONFLANS,54171001.0,5.929333,49.1535,235.0,54.0
DOSNON,DOSNON,10130001.0,4.224667,48.609167,115.0,10.0
DOUSSAY,DOUSSAY,86096001.0,0.287,46.852667,95.0,86.0
DOUVAINE_SA,DOUVAINE_SA,74105002.0,6.318333,46.302333,470.0,74.0
DOUZY,DOUZY,8145001.0,5.039833,49.658,153.0,8.0
DROYES,DROYES,52180002.0,4.700167,48.5065,124.0,52.0
DUN_LE_PALESTEL,DUN_LE_PALESTEL,23075001.0,1.666833,46.317833,365.0,23.0
DURBANCORBIERES,DURBANCORBIERES,11124003.0,2.819167,42.993167,120.0,11.0
ECHASSIERES_SAPC,ECHASSIERES_SAPC,3108001.0,2.957667,46.191167,650.0,3.0
EGLETONS,EGLETONS,19073006.0,2.059167,45.398833,610.0,19.0
ENTRECASTEAUX,ENTRECASTEAUX,83051001.0,6.252167,43.521333,279.0,83.0
ERNEE,ERNEE,53096004.0,-0.9625,48.295667,168.0,53.0
ERNEVILLE_AUX_BOIS_SAPC,ERNEVILLE_AUX_BOIS_SAPC,55179001.0,5.403833,48.7495,313.0,55.0
ESTERNAY,ESTERNAY,51237002.0,3.579667,48.742,185.0,51.0
ETEAUX,ETEAUX,74116002.0,6.275667,46.063,805.0,74.0
EUS,EUS,66074002.0,2.446333,42.630167,321.0,66.0
EVIAN,EVIAN,74119002.0,6.5665,46.3965,395.0,74.0
EVREUXHUEST,EVREUXHUEST,27347001.0,1.221667,49.025,138.0,27.0
FAGNIERESINRAE,FAGNIERESINRAE,51242001.0,4.3085,48.939833,105.0,51.0
FAYETLECHATEA,FAYETLECHATEA,63157001.0,3.429167,45.696667,585.0,63.0
FECLAZ_SAPC,FECLAZ_SAPC,73098003.0,5.983667,45.647167,1328.0,73.0
FELLETIN,FELLETIN,23079002.0,2.186,45.880167,635.0,23.0
FELON_SAPC,FELON_SAPC,90044001.0,6.984167,47.704333,383.0,90.0
FERRIERELARCON,FERRIERELARCON,37107001.0,0.875,46.9875,116.0,37.0
FIGARI,FIGARI,20114002.0,9.103667,41.505167,20.0,20.0
FONDDENISCADET,FONDDENISCADET,97208001.0,-61.145,14.735333,493.0,972.0
FONDETTES,FONDETTES,37109001.0,0.604167,47.425333,93.0,37.0
FONTAINEGUERIN,FONTAINEGUERIN,49138001.0,-0.167833,47.493167,41.0,49.0
FONTANNES,FONTANNES,43096001.0,3.419667,45.300333,435.0,43.0
FORMIGUERES,FORMIGUERES,66082004.0,2.111333,42.616,1495.0,66.0
FORTDEFRANCE_DESAIX,FORTDEFRANCE_DESAIX,97209004.0,-61.063833,14.617667,143.0,972.0
FOUGEROLLES_SAPC,FOUGEROLLES_SAPC,70245003.0,6.388833,47.8985,315.0,70.0
FREJUS,FREJUS,73157004.0,6.674167,45.193667,1228.0,73.0
FROTEY_SAPC,FROTEY_SAPC,70261001.0,6.1965,47.639167,360.0,70.0
GALLARGUES_LE_MONTUEUX,GALLARGUES_LE_MONTUEUX,30123001.0,4.171667,43.714833,17.0,30.0
GAP,GAP,5061008.0,6.091667,44.568333,750.0,5.0
GAVARNIE_SAPC,GAVARNIE_SAPC,65188005.0,-0.010833,42.733833,1410.0,65.0
GELLES,GELLES,63163001.0,2.799333,45.7535,784.0,63.0
GENERARGUES,GENERARGUES,30129001.0,3.977667,44.073333,139.0,30.0
GENOLHAC,GENOLHAC,30130001.0,3.9615,44.342833,519.0,30.0
GENOUILLAC,GENOUILLAC,23089001.0,1.985,46.352333,306.0,23.0
GERMAINECIVC,GERMAINECIVC,51266002.0,4.032333,49.123167,172.0,51.0
GERVANS,GERVANS,26380002.0,4.828833,45.1125,157.0,26.0
GIEZ,GIEZ,74135001.0,6.255333,45.762667,478.0,74.0
GILLOTAEROPORT,GILLOTAEROPORT,97418110.0,55.528667,-20.892167,8.0,974.0
GLANDAGE_SAPC,GLANDAGE_SAPC,26142001.0,5.615167,44.674667,1007.0,26.0
GONNEVILLE,GONNEVILLE,50209001.0,-1.4635,49.652667,134.0,50.0
GOURDON,GOURDON,46127001.0,1.396667,44.745,260.0,46.0
GRAMMOND_SAPC,GRAMMOND_SAPC,42102002.0,4.442833,45.564833,803.0,42.0
GRANDBOURG_LES_BASSES_AERO,GRANDBOURG_LES_BASSES_AERO,97112003.0,-61.272167,15.8695,10.0,971.0
GRAND_BORNAND,GRAND_BORNAND,74136003.0,6.444667,45.970333,1300.0,74.0
GRAVESSAINTAMANT,GRAVESSAINTAMANT,16297001.0,-0.1015,45.641833,23.0,16.0
GRENOBLEST_GEOIRS,GRENOBLEST_GEOIRS,38384001.0,5.313333,45.364,384.0,38.0
GRENOBLE_LVD,GRENOBLE_LVD,38538002.0,5.8485,45.217167,220.0,38.0
GREZENBOUERE,GREZENBOUERE,53110002.0,-0.542333,47.891,93.0,53.0
GUERANDE,GUERANDE,44069002.0,-2.430167,47.292333,4.0,44.0
GUERETST_LAURENT,GUERETST_LAURENT,23206002.0,1.950333,46.1755,365.0,23.0
GUERET_BONGEOT,GUERET_BONGEOT,23096001.0,1.879333,46.1805,402.0,23.0
GUEUGNON,GUEUGNON,71230002.0,4.020833,46.598167,305.0,71.0
GUILLY,GUILLY,36085001.0,1.757,47.072667,135.0,36.0
GUISCRIFF_SA,GUISCRIFF_SA,56081003.0,-3.664167,48.05,165.0,56.0
HIHIFO,HIHIFO,98613001.0,-176.194167,-13.239833,30.0,986.0
HOUDELAINCOURT,HOUDELAINCOURT,55248001.0,5.5055,48.563,390.0,55.0
HYERES,HYERES,83069001.0,6.147,43.1005,2.0,83.0
ILE_DE_GROIX,ILE_DE_GROIX,56069001.0,-3.502333,47.652333,41.0,56.0
IRATY_ORGAMBIDE,IRATY_ORGAMBIDE,64316003.0,-1.033833,43.0335,1427.0,64.0
ISSOUDUN,ISSOUDUN,36088004.0,1.978,46.9425,138.0,36.0
ISTRES,ISTRES,13047002.0,4.988333,43.513333,44.0,13.0
JALOGNY_SAPC,JALOGNY_SAPC,71240001.0,4.651,46.402167,246.0,71.0
JEULESBOISAUTO,JEULESBOISAUTO,36089003.0,1.798333,46.661667,185.0,36.0
JOUELESTOURS,JOUELESTOURS,37122003.0,0.665333,47.337167,93.0,37.0
JOYEUSE,JOYEUSE,7110003.0,4.238333,44.48,160.0,7.0
JUILLACLECOQ,JUILLACLECOQ,16171001.0,-0.258333,45.580167,83.0,16.0
KERGUELEN,KERGUELEN,98404001.0,70.243333,-49.352333,29.0,984.0
KERPERT,KERPERT,22092001.0,-3.147667,48.404,281.0,22.0
KOUROU_CSG,KOUROU_CSG,97304003.0,-52.748,5.209167,17.0,973.0
KOUROU_PLAGE,KOUROU_PLAGE,97304005.0,-52.6405,5.168167,3.0,973.0
KRUTH_SAPC,KRUTH_SAPC,68171002.0,6.955,47.944167,512.0,68.0
LABASTIDEROUAIROUX,LABASTIDEROUAIROUX,81115002.0,2.657833,43.478333,448.0,81.0
LABECEDE_LAURAGAIS_SAPC,LABECEDE_LAURAGAIS_SAPC,11181002.0,2.022167,43.3895,408.0,11.0
LABLACHERE,LABLACHERE,7117002.0,4.208333,44.480833,295.0,7.0
LACAPELLEBIRON,LACAPELLEBIRON,47123002.0,0.900333,44.585667,235.0,47.0
LAC_AIGUEBELETTE,LAC_AIGUEBELETTE,73191005.0,5.795833,45.564833,375.0,73.0
LAC_DARDIDENNIVOSE,LAC_DARDIDENNIVOSE,65413400.0,-0.066,42.848167,2445.0,65.0
LAMENTINAERO,LAMENTINAERO,97213004.0,-60.995667,14.595333,3.0,972.0
LANDESGENUSSON,LANDESGENUSSON,85119001.0,-1.1255,46.968333,100.0,85.0
LANDOSCHARBON,LANDOSCHARBON,43111002.0,3.843667,44.858,1148.0,43.0
LANNION_AERO,LANNION_AERO,22113006.0,-3.468667,48.755333,85.0,22.0
LANOEBLANCHE,LANOEBLANCHE,35202001.0,-1.765,47.780167,89.0,35.0
LANVEOC,LANVEOC,29120001.0,-4.439333,48.279333,81.0,29.0
LAONS,LAONS,28206001.0,1.173167,48.706833,171.0,28.0
LARAGNE_MONTEGLIN,LARAGNE_MONTEGLIN,5070003.0,5.7945,44.319167,565.0,5.0
LASSY_SAPC,LASSY_SAPC,14357002.0,-0.6925,48.9265,223.0,14.0
LAVALETRONNIER,LAVALETRONNIER,53130008.0,-0.7465,48.030667,100.0,53.0
LA_BALME_SUR_CERDON_SAPC,LA_BALME_SUR_CERDON_SAPC,1200002.0,5.482,46.09,596.0,1.0
LA_BASTIDE_DES_JOURDANS,LA_BASTIDE_DES_JOURDANS,84009002.0,5.615,43.787333,381.0,84.0
LA_BROSSEMX,LA_BROSSEMX,77054001.0,3.023333,48.351667,77.0,77.0
LA_CHAMPENOISE,LA_CHAMPENOISE,36037001.0,1.77,46.951667,177.0,36.0
LA_COURTINE,LA_COURTINE,23067001.0,2.263667,45.702667,772.0,23.0
LA_CROIX_SUR_ROUDOULE_SAPC,LA_CROIX_SUR_ROUDOULE_SAPC,6051001.0,6.873333,43.987667,860.0,6.0
LA_DESTROUSSE_SAPC,LA_DESTROUSSE_SAPC,13031002.0,5.601,43.386667,201.0,13.0
LA_FAURIE,LA_FAURIE,5055001.0,5.750167,44.566667,825.0,5.0
LA_GRAND_COMBE,LA_GRAND_COMBE,30132002.0,4.023333,44.245,415.0,30.0
LA_LOUPE_SAPC,LA_LOUPE_SAPC,28214003.0,1.013333,48.481,200.0,28.0
LA_MASSE,LA_MASSE,73257003.0,6.508333,45.297333,2800.0,73.0
LA_MONGIE_CLIM,LA_MONGIE_CLIM,65059019.0,0.179,42.909,1745.0,65.0
LA_MOTTE_DU_CAIRE,LA_MOTTE_DU_CAIRE,4134002.0,6.0305,44.326667,665.0,4.0
LA_MUREARGENS,LA_MUREARGENS,4136001.0,6.520167,43.977,920.0,4.0
LA_SALLE_PRUNET,LA_SALLE_PRUNET,48186001.0,3.650667,44.315667,903.0,48.0
LA_SAUNIERE,LA_SAUNIERE,23169001.0,1.938,46.131833,446.0,23.0
LA_VACQUERIE_SAPC,LA_VACQUERIE_SAPC,34317001.0,3.457833,43.792,620.0,34.0
LERE,LERE,18125004.0,2.893167,47.457833,139.0,18.0
LESRICEYSCIVC,LESRICEYSCIVC,10317002.0,4.3305,47.981333,274.0,10.0
LES_ARCS_SAPC,LES_ARCS_SAPC,83004004.0,6.470833,43.451,55.0,83.0
LETOUQUET,LETOUQUET,62826001.0,1.622833,50.5145,5.0,62.0
LEVENS,LEVENS,6075007.0,7.21,43.846333,691.0,6.0
LE_BOURGET,LE_BOURGET,95088001.0,2.427667,48.967333,49.0,95.0
LE_CASTELLET,LE_CASTELLET,83035001.0,5.784667,43.252167,417.0,83.0
LE_CASTELLET_SAPC,LE_CASTELLET_SAPC,83035002.0,5.770167,43.184,66.0,83.0
LE_CHEVRILNIVOSE,LE_CHEVRILNIVOSE,73296406.0,6.955333,45.499667,2559.0,73.0
LE_GRANDBORNAND,LE_GRANDBORNAND,74136005.0,6.471833,45.973333,1430.0,74.0
LE_HORPS,LE_HORPS,53116003.0,-0.440833,48.405667,268.0,53.0
LE_LUART,LE_LUART,72172001.0,0.583333,48.076667,95.0,72.0
LE_MANS,LE_MANS,72181001.0,0.194167,47.945833,51.0,72.0
LE_MAS,LE_MAS,6081001.0,6.809333,43.813667,1525.0,6.0
LE_MERLERAULT_SAPC,LE_MERLERAULT_SAPC,61275001.0,0.299,48.711167,236.0,61.0
LE_PALLET_SAPC,LE_PALLET_SAPC,44117002.0,-1.336833,47.1415,35.0,44.0
LE_PERRIER,LE_PERRIER,85172001.0,-1.999833,46.8265,2.0,85.0
LE_PERTHUS,LE_PERTHUS,66137003.0,2.8595,42.473333,295.0,66.0
LE_PUYLOUDES,LE_PUYLOUDES,43062001.0,3.764,45.0745,833.0,43.0
LE_RAIZET_AERO,LE_RAIZET_AERO,97101015.0,-61.516333,16.264,11.0,971.0
LE_RHEUINRAE,LE_RHEUINRAE,35240001.0,-1.781167,48.1125,38.0,35.0
LE_SAIX,LE_SAIX,5158001.0,5.8155,44.475833,801.0,5.0
LE_VIEUX_CERIER_SAPC,LE_VIEUX_CERIER_SAPC,16403001.0,0.442,45.9675,162.0,16.0
LIGRE,LIGRE,37129002.0,0.273,47.112333,67.0,37.0
LILLELESQUIN,LILLELESQUIN,59343001.0,3.0975,50.57,47.0,59.0
LIMERAY,LIMERAY,37131002.0,1.011833,47.461167,113.0,37.0
LIMOGESBELLEGARDE,LIMOGESBELLEGARDE,87085006.0,1.175,45.861167,402.0,87.0
LIMOGES_VILLE,LIMOGES_VILLE,87085009.0,1.2675,45.828667,252.0,87.0
LIVRON,LIVRON,26165001.0,4.830667,44.794167,98.0,26.0
LOGESMARGUERON,LOGESMARGUERON,10202001.0,4.098667,48.082833,150.0,10.0
LOMNE_SAPC,LOMNE_SAPC,65278001.0,0.298167,43.042833,447.0,65.0
LOMONT,LOMONT,25635001.0,6.625667,47.358667,820.0,25.0
LONGUEVILLE,LONGUEVILLE,50277001.0,-1.573,48.862,5.0,50.0
LONS_LE_SAUNIER,LONS_LE_SAUNIER,39362001.0,5.517667,46.692833,298.0,39.0
LORIENTLANN_BIHOUE,LORIENTLANN_BIHOUE,56185001.0,-3.435667,47.762833,45.0,56.0
LORMES_SAPC,LORMES_SAPC,58145002.0,3.858333,47.267167,485.0,58.0
LOUARGAT,LOUARGAT,22135002.0,-3.305,48.573333,260.0,22.0
LOUVIGNEDUDESERT,LOUVIGNEDUDESERT,35162003.0,-1.129833,48.479333,153.0,35.0
LUBERSAC,LUBERSAC,19121002.0,1.411167,45.410333,390.0,19.0
LUCELLE_SAPC,LUCELLE_SAPC,68190001.0,7.268167,47.438333,690.0,68.0
LUCENDIOIS,LUCENDIOIS,26167001.0,5.451,44.617333,537.0,26.0
LUPERSAT_SAPC,LUPERSAT_SAPC,23113001.0,2.393167,45.9865,610.0,23.0
LUS_L_CROIX_HTE,LUS_L_CROIX_HTE,26168001.0,5.710833,44.672833,1059.0,26.0
LYE,LYE,36107001.0,1.5,47.228333,130.0,36.0
LYONBRON,LYONBRON,69029001.0,4.949167,45.721333,202.0,69.0
LYONST_EXUPERY,LYONST_EXUPERY,69299001.0,5.077833,45.7265,235.0,69.0
L_AIGLE,L_AIGLE,61214002.0,0.662333,48.7585,232.0,61.0
MACON,MACON,71270004.0,4.83,46.308333,216.0,71.0
MAGNANVILLE,MAGNANVILLE,78354001.0,1.674167,48.963667,123.0,78.0
MAISONNAIS,MAISONNAIS,18135001.0,2.2235,46.672667,219.0,18.0
MANDELIEU_LA_NAPOULE_SAPC,MANDELIEU_LA_NAPOULE_SAPC,6079002.0,6.898667,43.523667,104.0,6.0
MANOSQUE,MANOSQUE,4112001.0,5.785,43.843333,380.0,4.0
MAOPOOPO,MAOPOOPO,98611001.0,-178.121,-14.307833,35.0,986.0
MARCE,MARCE,49188001.0,-0.317,47.561833,53.0,49.0
MARCENAT,MARCENAT,15114002.0,2.833,45.302667,1075.0,15.0
MARCILLAC,MARCILLAC,19125001.0,2.039833,45.2835,598.0,19.0
MARIGNANA,MARIGNANA,20154001.0,8.655333,42.188833,515.0,20.0
MARIGNANE,MARIGNANE,13054001.0,5.216,43.437667,9.0,13.0
MARMANDE,MARMANDE,47157004.0,0.193333,44.498167,30.0,47.0
MARSAZ,MARSAZ,26177001.0,4.938667,45.113167,213.0,26.0
MARSEILLANINRAE,MARSEILLANINRAE,34150001.0,3.565333,43.328333,1.0,34.0
MARSILLARGUES,MARSILLARGUES,34151003.0,4.178333,43.665,2.0,34.0
MARTAIZE,MARTAIZE,86149001.0,0.024167,46.914667,61.0,86.0
MARTIGNEBRIAND,MARTIGNEBRIAND,49191001.0,-0.435833,47.2525,73.0,49.0
MAURIAC,MAURIAC,15120005.0,2.293167,45.222167,674.0,15.0
MAXENT,MAXENT,35169001.0,-1.967833,47.980833,116.0,35.0
MEAILLES_SAPC,MEAILLES_SAPC,4115001.0,6.6295,44.031167,1090.0,4.0
MEAULTE,MEAULTE,80523001.0,2.703833,49.971833,107.0,80.0
MELAY,MELAY,71291001.0,4.002333,46.215,315.0,71.0
MELUN,MELUN,77306001.0,2.6795,48.610333,91.0,77.0
MENAT,MENAT,63223001.0,2.91,46.105167,410.0,63.0
MENTON,MENTON,6083005.0,7.488667,43.785833,216.0,6.0
MERCUROL,MERCUROL,26179001.0,4.8835,45.0585,153.0,26.0
MERDRIGNAC,MERDRIGNAC,22147005.0,-2.408333,48.191667,135.0,22.0
MEYMAC,MEYMAC,19136001.0,2.145,45.536667,710.0,19.0
MEYTHET,MEYTHET,74182001.0,6.094,45.928167,455.0,74.0
MIERMAIGNE,MIERMAIGNE,28252002.0,0.99,48.253,267.0,28.0
MIRABEL_SA,MIRABEL_SA,7159001.0,4.497333,44.5815,275.0,7.0
MONISTROLSURLOIRE,MONISTROLSURLOIRE,43137003.0,4.231167,45.314,777.0,43.0
MONTBARD_SAPC,MONTBARD_SAPC,21425001.0,4.3305,47.6285,209.0,21.0
MONTBELLAYINRAE,MONTBELLAYINRAE,49215002.0,-0.1415,47.13,58.0,49.0
MONTBEUGNY,MONTBEUGNY,3180001.0,3.423167,46.536333,275.0,3.0
MONTBOUCHERSJ,MONTBOUCHERSJ,26191001.0,4.824167,44.545,136.0,26.0
MONTCLAR_SAPC,MONTCLAR_SAPC,4126001.0,6.333333,44.391833,1197.0,4.0
MONTCLUS,MONTCLUS,30175001.0,4.430333,44.268,120.0,30.0
MONTDARDIER,MONTDARDIER,30176002.0,3.58,43.947,640.0,30.0
MONTDEMARSAN,MONTDEMARSAN,40192003.0,-0.5,43.89,39.0,40.0
MONTELIMAR,MONTELIMAR,26198001.0,4.733,44.581167,73.0,26.0
MONTJOUX,MONTJOUX,26202001.0,5.097167,44.5095,491.0,26.0
MONTMARAULT,MONTMARAULT,3186001.0,2.9525,46.314833,466.0,3.0
MONTMELIAN,MONTMELIAN,73171002.0,6.049167,45.493833,264.0,73.0
MONTOURTIER_SAPC,MONTOURTIER_SAPC,53159002.0,-0.538667,48.209833,107.0,53.0
MONTPELLIERAEROPORT,MONTPELLIERAEROPORT,34154001.0,3.964667,43.576167,1.0,34.0
MONTREDONLABESSONNIE,MONTREDONLABESSONNIE,81182004.0,2.3555,43.725,566.0,81.0
MONTRIEUX,MONTRIEUX,41152001.0,1.7305,47.535833,96.0,41.0
MONTSEGURSLAU,MONTSEGURSLAU,26211001.0,4.860833,44.3615,146.0,26.0
MONT_ARBOIS,MONT_ARBOIS,74236002.0,6.669,45.855333,1833.0,74.0
MONT_DU_CHAT,MONT_DU_CHAT,73051001.0,5.8215,45.6605,1496.0,73.0
MOUE,MOUE,98809001.0,167.452167,-22.589833,95.0,988.0
MOURMELONGRAND,MOURMELONGRAND,51388003.0,4.3585,49.1075,115.0,51.0
MOUTHOUMET,MOUTHOUMET,11260001.0,2.525,42.96,558.0,11.0
MOUZAY,MOUZAY,55364001.0,5.209167,49.460167,166.0,55.0
MTSTVINCENT,MTSTVINCENT,71320001.0,4.477,46.627667,601.0,71.0
MUIDS,MUIDS,27422001.0,1.2805,49.224167,31.0,27.0
MURETLHERM,MURETLHERM,31299001.0,1.262,43.4515,189.0,31.0
MURS,MURS,36136001.0,1.168333,46.925,148.0,36.0
MURVIEL_LES_BEZIERS,MURVIEL_LES_BEZIERS,34178001.0,3.146,43.476,140.0,34.0
NAIZININRAE,NAIZININRAE,56144001.0,-2.8165,48.005333,132.0,56.0
NANCYESSEY,NANCYESSEY,54526001.0,6.2215,48.687833,212.0,54.0
NANCYOCHEY,NANCYOCHEY,54405001.0,5.959833,48.581,336.0,54.0
NANGIS,NANGIS,77327001.0,3.008333,48.563333,125.0,77.0
NANTESBOUGUENAIS,NANTESBOUGUENAIS,44020001.0,-1.608833,47.15,26.0,44.0
NANTIAT,NANTIAT,87103002.0,1.180667,46.004667,335.0,87.0
NARBONNE,NARBONNE,11262001.0,3.013333,43.183333,13.0,11.0
NAUSSAC,NAUSSAC,48105001.0,3.828333,44.748333,967.0,48.0
NEMOURS,NEMOURS,77333003.0,2.715,48.27,73.0,77.0
NEUVIC,NEUVIC,19148001.0,2.2815,45.379167,615.0,19.0
NEVERSMARZY,NEVERSMARZY,58160001.0,3.112667,46.998333,175.0,58.0
NICERIMIEZ,NICERIMIEZ,6088007.0,7.279167,43.738667,238.0,6.0
NIMESGARONS,NIMESGARONS,30258001.0,4.412833,43.772833,94.0,30.0
NOIRMOUTIER_EN,NOIRMOUTIER_EN,85163001.0,-2.257167,47.004667,3.0,85.0
NONSARD,NONSARD,55386002.0,5.763833,48.934167,230.0,55.0
NORTSURERDRE,NORTSURERDRE,44110002.0,-1.513667,47.425167,13.0,44.0
NOVILLARD_SAPC,NOVILLARD_SAPC,90074001.0,6.962167,47.603833,366.0,90.0
NOYERS_SAPC,NOYERS_SAPC,89279002.0,3.949,47.682833,266.0,89.0
NYONS_P182,NYONS_P182,26220010.0,5.1155,44.359167,316.0,26.0
OCTEVILLE,OCTEVILLE,76481001.0,0.091667,49.533,90.0,76.0
OPPEDE_CRETE_DU_PETIT_LUBERON,OPPEDE_CRETE_DU_PETIT_LUBERON,84086001.0,5.146,43.811,672.0,84.0
ORANGE,ORANGE,84087001.0,4.861,44.1445,57.0,84.0
ORBEY_LAC_BLANC_SAPC,ORBEY_LAC_BLANC_SAPC,68249002.0,7.103833,48.135833,1080.0,68.0
ORGNAC_AVEN,ORGNAC_AVEN,7168001.0,4.421667,44.288333,230.0,7.0
ORLEANS,ORLEANS,45055001.0,1.778167,47.990667,123.0,45.0
ORLY,ORLY,91027002.0,2.397,48.718,86.0,91.0
ORSENNES,ORSENNES,36146001.0,1.668333,46.465,315.0,36.0
ORTHEZ,ORTHEZ,64430001.0,-0.771667,43.49,87.0,64.0
ORVAL_RAD,ORVAL_RAD,18172003.0,2.467333,46.731,165.0,18.0
OUZOUERARVALIS,OUZOUERARVALIS,41173002.0,1.522167,47.904,129.0,41.0
PALLUAU,PALLUAU,85169002.0,-1.597667,46.808,51.0,85.0
PARASSY,PARASSY,18176001.0,2.5245,47.230333,257.0,18.0
PARISMONTSOURIS,PARISMONTSOURIS,75114001.0,2.337833,48.821667,75.0,75.0
PASSY_EN_VALOIS,PASSY_EN_VALOIS,2594001.0,3.199667,49.165167,141.0,2.0
PAUUZEIN,PAUUZEIN,64549001.0,-0.416333,43.385,183.0,64.0
PEAUGRES_RAD,PEAUGRES_RAD,7172002.0,4.705833,45.286167,480.0,7.0
PEGOMAS,PEGOMAS,6090002.0,6.936667,43.602667,109.0,6.0
PEILLE,PEILLE,6091004.0,7.4,43.8,672.0,6.0
PEIRA_CAVA,PEIRA_CAVA,6077006.0,7.363333,43.929167,1443.0,6.0
PEONE,PEONE,6094002.0,6.930833,44.099667,1784.0,6.0
PEUXETCOUFFOULEUX_SAPC,PEUXETCOUFFOULEUX_SAPC,12179001.0,2.867167,43.761833,830.0,12.0
PHARE_AMEDEE,PHARE_AMEDEE,98818003.0,166.467333,-22.478333,3.0,988.0
PIERREBUFFIERE,PIERREBUFFIERE,87119002.0,1.358333,45.696667,253.0,87.0
PILACANALE,PILACANALE,20232002.0,8.903667,41.8145,407.0,20.0
PIONSAT,PIONSAT,63281001.0,2.687833,46.104833,524.0,63.0
PLAUZAT_SAPC,PLAUZAT_SAPC,63282001.0,3.133667,45.632333,503.0,63.0
PLESSISBELLEVILLE,PLESSISBELLEVILLE,60500004.0,2.737167,49.106,116.0,60.0
PLOERMEL,PLOERMEL,56165003.0,-2.3975,47.950833,65.0,56.0
PLOUAYSA,PLOUAYSA,56166005.0,-3.3445,47.916167,75.0,56.0
PLOUDANIELINRAE,PLOUDANIELINRAE,29179001.0,-4.327667,48.503833,76.0,29.0
PLOUGUENAST,PLOUGUENAST,22219001.0,-2.708333,48.28,150.0,22.0
PLOUMANACH,PLOUMANACH,22168001.0,-3.473167,48.825833,55.0,22.0
POINDIMIE,POINDIMIE,98822001.0,165.328,-20.9325,14.0,988.0
POITIERSBIARD,POITIERSBIARD,86027001.0,0.314333,46.593833,125.0,86.0
PONTARION_SAPC,PONTARION_SAPC,23155001.0,1.852833,45.995667,455.0,23.0
PONTIVY,PONTIVY,56178002.0,-2.848333,48.083333,59.0,56.0
POUGNEHERISSON_SAPC,POUGNEHERISSON_SAPC,79215001.0,-0.401833,46.6605,196.0,79.0
POUILLY_EN_AUX_SAPC,POUILLY_EN_AUX_SAPC,21501003.0,4.561,47.251333,412.0,21.0
PREENPAIL_SAPC,PREENPAIL_SAPC,53185001.0,-0.183167,48.452,277.0,53.0
PREMERY,PREMERY,58218005.0,3.33,47.171667,238.0,58.0
PRESTEVROULT,PRESTEVROULT,28305001.0,1.4675,48.181333,129.0,28.0
PREVERANGES,PREVERANGES,18187004.0,2.2365,46.425333,462.0,18.0
PRINDEYRANCON_SAPC,PRINDEYRANCON_SAPC,79220002.0,-0.668667,46.231,8.0,79.0
PTE_DE_CHEMOULIN,PTE_DE_CHEMOULIN,44184001.0,-2.2985,47.233667,14.0,44.0
PUJAUT,PUJAUT,30209001.0,4.775,44.005,110.0,30.0
PUYMERAS,PUYMERAS,84094001.0,5.131333,44.2895,392.0,84.0
QUENZA,QUENZA,20254006.0,9.142833,41.777667,932.0,20.0
QUIMPER,QUIMPER,29232002.0,-4.108333,47.995,60.0,29.0
QUINCY_SA,QUINCY_SA,18190002.0,2.137833,47.136333,128.0,18.0
QUINTENIC,QUINTENIC,22261002.0,-2.42,48.519167,71.0,22.0
RAPA,RAPA,98741001.0,-144.334833,-27.618333,2.0,987.0
REIGNAC,REIGNAC,37192001.0,0.899,47.219333,90.0,37.0
REMUZAT,REMUZAT,26264002.0,5.367,44.431667,475.0,26.0
RENNESST_JACQUES,RENNESST_JACQUES,35281001.0,-1.734,48.068833,36.0,35.0
RENNO,RENNO,20258001.0,8.807167,42.190167,755.0,20.0
REUILLY,REUILLY,36171002.0,2.026667,47.076667,155.0,36.0
RIEC_SUR_BELON,RIEC_SUR_BELON,29236001.0,-3.709167,47.879,77.0,29.0
RIMPLAS_SAPC,RIMPLAS_SAPC,6102001.0,7.1335,44.067167,1130.0,6.0
RIONDESLANDES,RIONDESLANDES,40243001.0,-0.950833,43.916333,77.0,40.0
RIORGES,RIORGES,42184002.0,4.040167,46.0545,297.0,42.0
RIVIERES,RIVIERES,81225001.0,1.963333,43.908333,139.0,81.0
ROBERTPTE_FORT,ROBERTPTE_FORT,97222002.0,-60.9255,14.679667,16.0,972.0
ROCHEFORTSAMSON_SAPC,ROCHEFORTSAMSON_SAPC,26273002.0,5.165167,44.990667,368.0,26.0
ROISSY,ROISSY,95527001.0,2.534333,49.015167,108.0,95.0
ROMANS_SAPC,ROMANS_SAPC,26281001.0,4.998667,45.050167,156.0,26.0
ROMORANTIN,ROMORANTIN,41194001.0,1.746667,47.36,104.0,41.0
RONSENAC,RONSENAC,16283002.0,0.253333,45.478333,90.0,16.0
ROSANS,ROSANS,5126001.0,5.462167,44.3875,625.0,5.0
ROSNAY,ROSNAY,36173002.0,1.249833,46.703,109.0,36.0
ROUENBOOS,ROUENBOOS,76116001.0,1.178333,49.3895,156.0,76.0
ROUFFACH_SA,ROUFFACH_SA,68287003.0,7.286833,47.965333,285.0,68.0
ROUVRESENWOEVRE,ROUVRESENWOEVRE,55443001.0,5.6875,49.224667,226.0,55.0
ROUVROYENSANTERRE,ROUVROYENSANTERRE,80682001.0,2.698333,49.765167,95.0,80.0
ROZIERENDONZY,ROZIERENDONZY,42193001.0,4.278333,45.803833,530.0,42.0
SABLE_SUR_SARTH,SABLE_SUR_SARTH,72264001.0,-0.302667,47.840167,41.0,72.0
SABRES,SABRES,40246003.0,-0.859,44.153667,81.0,40.0
SAINTARNOULT,SAINTARNOULT,78537001.0,1.932333,48.571833,138.0,78.0
SAINTETIENNE,SAINTETIENNE,42218010.0,4.261667,45.443333,410.0,42.0
SAINTJOACHIM_SAE,SAINTJOACHIM_SAE,44168001.0,-2.1925,47.3815,3.0,44.0
SAINTMAIXENTLECOLE_SAPC,SAINTMAIXENTLECOLE_SAPC,79270003.0,-0.210333,46.417,83.0,79.0
SAINT_DIDIER_SAPC,SAINT_DIDIER_SAPC,3226001.0,3.850167,46.365333,293.0,3.0
SAINT_PRIVE,SAINT_PRIVE,89365001.0,2.985333,47.658,198.0,89.0
SALINDRES,SALINDRES,30305001.0,4.1525,44.1745,191.0,30.0
SALLANCHES,SALLANCHES,74256001.0,6.640333,45.931667,542.0,74.0
SALLES_DE_BARB,SALLES_DE_BARB,16360001.0,-0.111667,45.45,71.0,16.0
SALON_DE_PROVENCE,SALON_DE_PROVENCE,13103001.0,5.108,43.612833,58.0,13.0
SAMPOLO,SAMPOLO,20268001.0,9.123,41.943,837.0,20.0
SANCERRE,SANCERRE,18241002.0,2.799,47.336167,240.0,18.0
SANCEYLEGRAND,SANCEYLEGRAND,25529002.0,6.581667,47.3015,490.0,25.0
SARI_DORCINO,SARI_DORCINO,20270001.0,8.802333,42.0785,407.0,20.0
SARLAT,SARLAT,24520005.0,1.225833,44.898667,203.0,24.0
SARTENE,SARTENE,20272004.0,8.979333,41.652333,62.0,20.0
SARZEAU_SA,SARZEAU_SA,56240003.0,-2.796,47.510667,35.0,56.0
SAUGUESSA,SAUGUESSA,43234005.0,3.539833,44.966167,945.0,43.0
SAULGOND_SAPC,SAULGOND_SAPC,16363001.0,0.781667,45.956333,228.0,16.0
SAUNAY,SAUNAY,37240001.0,0.931333,47.590333,109.0,37.0
SAUTERNES,SAUTERNES,33504001.0,-0.326833,44.544333,65.0,33.0
SAUXILLANGES,SAUXILLANGES,63415001.0,3.368833,45.551333,460.0,63.0
SAVIGNY_VERON,SAVIGNY_VERON,37242002.0,0.149333,47.227,33.0,37.0
SAVOILLAN,SAVOILLAN,84125003.0,5.375167,44.179833,510.0,84.0
SAYAT_SAPC,SAYAT_SAPC,63417001.0,3.045167,45.839667,550.0,63.0
SEDERON,SEDERON,26340001.0,5.538833,44.202333,804.0,26.0
SEGONZAC_SAPC,SEGONZAC_SAPC,16366001.0,-0.2235,45.6145,62.0,16.0
SEGRE_SAPC,SEGRE_SAPC,49331003.0,-0.873333,47.679167,25.0,49.0
SEINGBOUSE,SEINGBOUSE,57644001.0,6.831,49.127667,347.0,57.0
SEMUR_EN_AUXOIS_SAPC,SEMUR_EN_AUXOIS_SAPC,21603001.0,4.34,47.482,314.0,21.0
SEPTSARGES,SEPTSARGES,55484001.0,5.155,49.276333,293.0,55.0
SERRALONGUE,SERRALONGUE,66194002.0,2.557833,42.399833,700.0,66.0
SEVRY,SEVRY,18251001.0,2.804667,47.138,205.0,18.0
SIBIRIL_S_A,SIBIRIL_S_A,29276001.0,-4.0775,48.660333,58.0,29.0
SISTERON,SISTERON,4209005.0,5.916,44.2245,500.0,4.0
SIZUN,SIZUN,29277001.0,-4.0205,48.391333,157.0,29.0
SOCOA,SOCOA,64189001.0,-1.6865,43.3945,21.0,64.0
SOLENZARA,SOLENZARA,20342001.0,9.400833,41.921833,12.0,20.0
SONZAY,SONZAY,37249001.0,0.470667,47.5185,117.0,37.0
SOURCE_DU_DOUBS,SOURCE_DU_DOUBS,25413002.0,6.2095,46.707,940.0,25.0
SPEZET,SPEZET,29278001.0,-3.7295,48.1735,138.0,29.0
STAMANDMTROND,STAMANDMTROND,18197004.0,2.502833,46.737333,177.0,18.0
STANDREAPCHON,STANDREAPCHON,42199002.0,3.933333,46.025,380.0,42.0
STANTHEME,STANTHEME,63319002.0,3.886167,45.575833,1263.0,63.0
STATTMATTEN_SA,STATTMATTEN_SA,67476002.0,8.002333,48.795167,121.0,67.0
STBARTHELEMYV_SAPC,STBARTHELEMYV_SAPC,26295001.0,4.9025,45.173833,203.0,26.0
STBARTHELEMY_AERO,STBARTHELEMY_AERO,97123005.0,-62.838,17.902833,3.0,971.0
STCHAMONDP,STCHAMONDP,42207005.0,4.534167,45.491,394.0,42.0
STCHRISTOPHEL_SAPC,STCHRISTOPHEL_SAPC,26298001.0,5.071833,45.229333,452.0,26.0
STCHRISTOPHESURNAIS,STCHRISTOPHESURNAIS,37213003.0,0.464333,47.6155,107.0,37.0
STEPAIN,STEPAIN,37216002.0,0.604833,47.157167,112.0,37.0
STETIENNE_CT,STETIENNE_CT,42218008.0,4.389667,45.466667,482.0,42.0
STE_LEOCADIE,STE_LEOCADIE,66181001.0,2.013333,42.445,1320.0,66.0
STE_MARIE_CUINES,STE_MARIE_CUINES,73255003.0,6.307167,45.3435,460.0,73.0
STE_MARIE_DU_MO,STE_MARIE_DU_MO,50509002.0,-1.168333,49.4045,5.0,50.0
STFRAIMBAULT,STFRAIMBAULT,61387001.0,-0.7025,48.504333,158.0,61.0
STGENESCHPLLEINRAE,STGENESCHPLLEINRAE,63345002.0,3.019333,45.723,893.0,63.0
STGEORGESREN,STGEORGESREN,69206001.0,4.710833,46.058167,190.0,69.0
STGERMAINL_AR,STGERMAINL_AR,69208001.0,4.6045,45.869333,370.0,69.0
STGERMAINL_HE,STGERMAINL_HE,63353003.0,3.532667,45.461,1070.0,63.0
STHILAIRE,STHILAIRE,38395001.0,5.884,45.307833,970.0,38.0
STHILAIREDUH,STHILAIREDUH,50484002.0,-1.096667,48.563667,95.0,50.0
STJEAND_ARDIE,STJEAND_ARDIE,69211001.0,4.702667,46.117667,240.0,69.0
STJEANENROYA,STJEANENROYA,26307001.0,5.2925,45.009167,308.0,26.0
STJOSEPH_LEZARD,STJOSEPH_LEZARD,97224004.0,-60.9985,14.6585,65.0,972.0
STLAURENT_PREEINRAE,STLAURENT_PREEINRAE,17353001.0,-1.027,45.988333,3.0,17.0
STLEGER_SAPC,STLEGER_SAPC,78562001.0,1.745833,48.706667,176.0,78.0
STMARCELLESVINRAE,STMARCELLESVINRAE,26313001.0,4.931333,44.980167,190.0,26.0
STMARCEL_ANNONAY,STMARCEL_ANNONAY,7265001.0,4.642,45.296,494.0,7.0
STMARTINDUM,STMARTINDUM,21561003.0,4.781167,47.4005,578.0,21.0
STMARTINMER,STMARTINMER,21560001.0,4.260833,47.238167,521.0,21.0
STMAUR,STMAUR,94068001.0,2.492333,48.808667,48.0,94.0
STMAURICELESCOUCHES_SAPC,STMAURICELESCOUCHES_SAPC,71464001.0,4.594833,46.881833,300.0,71.0
STNICOLAS,STNICOLAS,82169001.0,1.026667,44.055,82.0,82.0
STNICOLASDEBOURGUEIL,STNICOLASDEBOURGUEIL,37228001.0,0.107833,47.29,44.0,37.0
STPIERRE,STPIERRE,48176001.0,3.3,44.246667,860.0,48.0
STPIERRELES_EGAUX,STPIERRELES_EGAUX,38442008.0,5.803833,45.317333,950.0,38.0
STPIERRESTJEAN,STPIERRESTJEAN,7284001.0,4.108333,44.456667,650.0,7.0
STPIERREVILLE,STPIERREVILLE,7286002.0,4.485,44.814333,560.0,7.0
STPRIVAT,STPRIVAT,19237001.0,2.096,45.139,585.0,19.0
STRASBOURGENTZHEIM,STRASBOURGENTZHEIM,67124001.0,7.640333,48.5495,150.0,67.0
STRASBOURG_BOTANIQUE,STRASBOURG_BOTANIQUE,67482001.0,7.768833,48.581833,139.0,67.0
STSAUVEUR_SA,STSAUVEUR_SA,7294001.0,4.26,44.296,149.0,7.0
STSORLINENVA,STSORLINENVA,26330001.0,4.930333,45.271167,237.0,26.0
ST_ANDRE,ST_ANDRE,58229001.0,3.845,47.398333,275.0,58.0
ST_ANDRE_DE_SANGONIS,ST_ANDRE_DE_SANGONIS,34239002.0,3.507833,43.664167,86.0,34.0
ST_AUBAN,ST_AUBAN,4049001.0,5.989667,44.062167,458.0,4.0
ST_CANNAT,ST_CANNAT,13091001.0,5.251333,43.591333,198.0,13.0
ST_CHRISTOL,ST_CHRISTOL,84107002.0,5.492833,44.040667,836.0,84.0
ST_CREPIN,ST_CREPIN,24392001.0,1.276667,44.958333,270.0,24.0
ST_DIZIERLEVEQUE_SAPC,ST_DIZIERLEVEQUE_SAPC,90090001.0,6.958833,47.467333,553.0,90.0
ST_ETIENNEBOUTHEON,ST_ETIENNEBOUTHEON,42005001.0,4.293833,45.545667,395.0,42.0
ST_ETIENNE_DE_TINEE_SAPC,ST_ETIENNE_DE_TINEE_SAPC,6120004.0,6.921167,44.257667,1150.0,6.0
ST_FLOUR,ST_FLOUR,15187006.0,3.067333,45.024333,909.0,15.0
ST_GERMAIN_BELL,ST_GERMAIN_BELL,87146002.0,1.4995,45.6125,418.0,87.0
ST_GIRONS,ST_GIRONS,9289001.0,1.106833,43.005333,414.0,9.0
ST_JEAN_DE_MINERVOIS,ST_JEAN_DE_MINERVOIS,34269001.0,2.857667,43.385667,258.0,34.0
ST_JEAN_DU_GARD,ST_JEAN_DU_GARD,30269006.0,3.872,44.1105,196.0,30.0
ST_LEGER_LA_MONTAGNE_SAPC,ST_LEGER_LA_MONTAGNE_SAPC,87159002.0,1.459667,46.035333,664.0,87.0
ST_LEONARD_NOBL,ST_LEONARD_NOBL,87161002.0,1.4965,45.828667,346.0,87.0
ST_MARTIAL,ST_MARTIAL,30283001.0,3.7345,44.035833,483.0,30.0
ST_MARTIN_DENTRAUNES_SAPC,ST_MARTIN_DENTRAUNES_SAPC,6125001.0,6.747,44.154667,1642.0,6.0
ST_MARTIN_DE_LONDRES,ST_MARTIN_DE_LONDRES,34274001.0,3.729333,43.7795,214.0,34.0
ST_MICHEL_MAUR_SAPC,ST_MICHEL_MAUR_SAPC,73261003.0,6.4645,45.218167,698.0,73.0
ST_M_HINX_STNAINRAE,ST_M_HINX_STNAINRAE,40272002.0,-1.299333,43.570833,37.0,40.0
ST_NAZAIREMONTOIR,ST_NAZAIREMONTOIR,44103001.0,-2.1545,47.313833,3.0,44.0
ST_PAUL_DE_FENOUILLET,ST_PAUL_DE_FENOUILLET,66187006.0,2.485333,42.8205,300.0,66.0
ST_PIERREDESTRIPIERS,ST_PIERREDESTRIPIERS,48176002.0,3.3035,44.2465,929.0,48.0
ST_ROMANDIOIS,ST_ROMANDIOIS,26327001.0,5.428333,44.693833,545.0,26.0
ST_SAUVEUR_CAMPRIEU,ST_SAUVEUR_CAMPRIEU,30297001.0,3.4745,44.119333,1107.0,30.0
ST_SIGISMOND,ST_SIGISMOND,74252001.0,6.612167,46.076333,1020.0,74.0
ST_THIERRYCIVC,ST_THIERRYCIVC,51518001.0,3.960667,49.300833,135.0,51.0
ST_WITZ,ST_WITZ,95580001.0,2.550667,49.085667,141.0,95.0
ST_YAN,ST_YAN,71491001.0,4.0165,46.408333,242.0,71.0
ST_YRIEIX_LA_PE,ST_YRIEIX_LA_PE,87187003.0,1.243833,45.513667,404.0,87.0
SUBLAINES,SUBLAINES,37253001.0,0.993167,47.265,111.0,37.0
TAKAROA,TAKAROA,98749001.0,-145.025167,-14.456833,2.0,987.0
TANUS,TANUS,81292001.0,2.279667,44.107167,537.0,81.0
TARASCON,TARASCON,13108002.0,4.666667,43.805,102.0,13.0
TARBESLOURDESPYRENEES,TARBESLOURDESPYRENEES,65344001.0,0.0,43.188,360.0,65.0
TAULIGNAN,TAULIGNAN,26348001.0,4.989833,44.430167,257.0,26.0
TAUVES,TAUVES,63426001.0,2.595667,45.544667,851.0,63.0
TAVAUX_SA,TAVAUX_SA,39526003.0,5.427333,47.043833,195.0,39.0
THAUVENAY_SA,THAUVENAY_SA,18262002.0,2.8615,47.302,195.0,18.0
THEIX,THEIX,63345001.0,3.016667,45.7,820.0,63.0
THONONINRAE,THONONINRAE,74281001.0,6.455,46.366667,376.0,74.0
TILCHATEL_SAPC,TILCHATEL_SAPC,21638002.0,5.2075,47.544833,283.0,21.0
TORCY,TORCY,71540001.0,4.466667,46.766667,322.0,71.0
TORCY_METRO,TORCY_METRO,,,,,
TORREILLES,TORREILLES,66212001.0,2.978333,42.755,7.0,66.0
TORTEZAIS_SAPC,TORTEZAIS_SAPC,3285001.0,2.857,46.451333,256.0,3.0
TOUHO_AEROD,TOUHO_AEROD,98830002.0,165.2545,-20.789333,2.0,988.0
TOULOUSEBLAGNAC,TOULOUSEBLAGNAC,31069001.0,1.378833,43.621,151.0,31.0
TOUROUVRE_SAPC,TOUROUVRE_SAPC,61491002.0,0.667167,48.585,217.0,61.0
TOURS,TOURS,37179001.0,0.727333,47.4445,108.0,37.0
TOUR_EIFFEL,TOUR_EIFFEL,75107005.0,2.2945,48.858333,330.0,75.0
TOUSSUS_LE_NOBLE,TOUSSUS_LE_NOBLE,78620001.0,2.1135,48.750667,154.0,78.0
TRAPPES,TRAPPES,78621001.0,2.009833,48.774333,167.0,78.0
TREGUNC,TREGUNC,29293001.0,-3.868833,47.841333,25.0,29.0
TRESSERRE,TRESSERRE,66214001.0,2.826667,42.545,148.0,66.0
TRESSON_SAPC,TRESSON_SAPC,72361001.0,0.5595,47.885333,154.0,72.0
TRIAUCOURT_SAPC,TRIAUCOURT_SAPC,55517002.0,5.065167,48.983167,185.0,55.0
TROISEPIS_SAPC,TROISEPIS_SAPC,68338001.0,7.231,48.1015,656.0,68.0
TROYESBARBEREY,TROYESBARBEREY,10030001.0,4.02,48.324667,112.0,10.0
TULLE,TULLE,19272001.0,1.740333,45.2425,235.0,19.0
UHRWILLER_SAPC,UHRWILLER_SAPC,67498001.0,7.5815,48.883667,217.0,67.0
URDOS_RN134,URDOS_RN134,64542006.0,-0.559167,42.823833,1074.0,64.0
UREPEL_SAPC,UREPEL_SAPC,64543001.0,-1.4155,43.068667,410.0,64.0
USINENS_SA,USINENS_SA,74285002.0,5.8445,46.013,452.0,74.0
USSELCOUZERGUES,USSELCOUZERGUES,19275005.0,2.296667,45.558333,670.0,19.0
UZERCHE,UZERCHE,19276006.0,1.568167,45.396333,422.0,19.0
UZES,UZES,30334001.0,4.42,44.005,138.0,30.0
VAILLY_SAULDRE,VAILLY_SAULDRE,18269003.0,2.615833,47.453833,226.0,18.0
VALBONNESOPHIA,VALBONNESOPHIA,6152002.0,7.0285,43.623167,238.0,6.0
VALDROME,VALDROME,26361001.0,5.576667,44.505333,786.0,26.0
VALENCECHABEUI,VALENCECHABEUI,26064001.0,4.971833,44.914833,163.0,26.0
VALENCIENNES,VALENCIENNES,59606004.0,3.461,50.328333,50.0,59.0
VALENSOLE,VALENSOLE,4230002.0,5.986667,43.843333,545.0,4.0
VALLORCINE_PLANDROIT,VALLORCINE_PLANDROIT,74290002.0,6.919167,46.0205,1326.0,74.0
VALSLESBAINS,VALSLESBAINS,7331001.0,4.360667,44.6695,283.0,7.0
VANNESSENE,VANNESSENE,56243001.0,-2.714167,47.6045,3.0,56.0
VASSINCOURT,VASSINCOURT,55531001.0,5.033167,48.808667,187.0,55.0
VAUCLIN,VAUCLIN,97232003.0,-60.836667,14.551833,12.0,972.0
VAUVENARGUES,VAUVENARGUES,13111002.0,5.68,43.551,565.0,13.0
VERDILLE,VERDILLE,16397001.0,-0.065,45.888333,88.0,16.0
VERTUSCIVC,VERTUSCIVC,51612003.0,3.995333,48.9025,150.0,51.0
VERT_TOULONCIVC,VERT_TOULONCIVC,51611001.0,3.906,48.84,155.0,51.0
VIABON,VIABON,28406001.0,1.679833,48.196167,138.0,28.0
VICHERES,VICHERES,28407001.0,0.910167,48.257833,235.0,28.0
VIC_LE_FESQ,VIC_LE_FESQ,30349001.0,4.072167,43.870833,45.0,30.0
VIDAUBAN,VIDAUBAN,83148002.0,6.525,43.386667,282.0,83.0
VIERZON,VIERZON,18279005.0,2.073167,47.237833,155.0,18.0
VILLACOUBLAY,VILLACOUBLAY,78640001.0,2.204,48.7725,174.0,78.0
VILLARDEBELLE_SAPC,VILLARDEBELLE_SAPC,11412001.0,2.4005,43.014833,593.0,11.0
VILLAR_ST_PANCRACE,VILLAR_ST_PANCRACE,5183001.0,6.640333,44.880333,1310.0,5.0
VILLEFORT,VILLEFORT,48198001.0,3.928333,44.441667,620.0,48.0
VILLENAVE_DORNONINRAE,VILLENAVE_DORNONINRAE,33550001.0,-0.576667,44.79,25.0,33.0
VILLETTE,VILLETTE,75119002.0,2.336667,48.868333,57.0,75.0
VILLEVIEILLE,VILLEVIEILLE,30352002.0,4.090833,43.795167,41.0,30.0
VILLIERSLEBAC,VILLIERSLEBAC,91679001.0,2.1115,48.730333,147.0,91.0
VINSOBRES,VINSOBRES,26377002.0,5.058333,44.283333,210.0,26.0
VITRE_SAE,VITRE_SAE,35360004.0,-1.212167,48.118833,105.0,35.0
VITRYLECROISECIVC,VITRYLECROISECIVC,10438001.0,4.554167,48.144333,237.0,10.0
VOUTEZAC,VOUTEZAC,19288004.0,1.416,45.279833,124.0,19.0
